<?xml version="1.0" encoding="UTF-8"?>
<!--

       Copyright 2006-2020 the original author or authors.

       Licensed under the Apache License, Version 2.0 (the "License");
       you may not use this file except in compliance with the License.
       You may obtain a copy of the License at

          http://www.apache.org/licenses/LICENSE-2.0

       Unless required by applicable law or agreed to in writing, software
       distributed under the License is distributed on an "AS IS" BASIS,
       WITHOUT WARRANTIES OR CONDITIONS OF ANY KIND, either express or implied.
       See the License for the specific language governing permissions and
       limitations under the License.

-->
<!DOCTYPE generatorConfiguration
        PUBLIC "-//mybatis.org//DTD MyBatis Generator Configuration 1.0//EN"
        "http://mybatis.org/dtd/mybatis-generator-config_1_0.dtd">

<generatorConfiguration>
    <context id="OracleTable" targetRuntime="mybatis3" defaultModelType="flat">
        <!-- 生成的Java文件的編碼 -->
        <property name="javaFileEncoding" value="UTF-8"/>
        <!-- 格式化java代碼 -->
        <property name="javaFormatter" value="org.mybatis.generator.api.dom.DefaultJavaFormatter"/>

        <!-- 数据库关键字冲突,自动处理 -->
        <property name="autoDelimitKeywords" value="true"/>
        <!-- 用反引号`包裹,默认是双引号"--><!--
        <property name="beginningDelimiter" value="`"/>
        <property name="endingDelimiter" value="`"/>-->

        <plugin type="org.mybatis.generator.plugins.RenameExampleClassPlugin">
            <property name="searchString" value="Example$"/>
            <property name="replaceString" value="Criteria"/>
        </plugin>
        <!--<plugin type="org.mybatis.generator.plugins.OverIsMergeablePlugin">-->
        <!--<property name="isMergeable" value="false"/>-->
        <!--</plugin>-->
        <plugin type="org.mybatis.generator.plugins.SerializablePlugin"/>
        <!--<plugin type="org.mybatis.generator.plugins.EqualsHashCodePlugin"/>-->
        <plugin type="org.mybatis.generator.plugins.CaseInsensitiveLikePlugin"/>
        <!--<plugin type="org.mybatis.generator.plugins.ToStringPlugin"/>-->
        <plugin type="org.mybatis.generator.plugins.RowBoundsPlugin"/>
        <plugin type="org.mybatis.generator.plugins.MapperAnnotationPlugin"/>

        <commentGenerator>
            <property name="suppressAllComments" value="true"/>
            <property name="suppressDate" value="true"/>
            <property name="addRemarkComments" value="true"/>
            <property name="useInformationSchema" value="true"></property>
        </commentGenerator>

        <jdbcConnection driverClass="oracle.jdbc.driver.OracleDriver"
                        connectionURL="jdbc:oracle:thin:@10.128.4.40:1521/tgtest"
                        userId="ppos_base"
                        password="ppos_base">
        </jdbcConnection>

        <javaTypeResolver>
            <property name="forceBigDecimals" value="false"/>
        </javaTypeResolver>

        <!-- generate Model -->
        <javaModelGenerator targetPackage="com.hundsun.ppos.product.server.datasource.entity"
                            targetProject="E:\新建文件夹\ppos-product\ppos-product-server\src\main\java">
            <property name="enableSubPackages" value="false"/>
            <property name="trimStrings" value="true"/>
            <!--<property name="immutable" value="false"/>-->
<!--            <property name="rootClass" value="com.hundsun.qin.platform.core.entity.BaseEntity"/>-->
<!--            <property name="rootInterface" value="com.hundsun.qin.platform.core.basics.IdAndName"/>-->
        </javaModelGenerator>


        <!-- 新加入标签，将生成的 Example文件放到指定包下，官方是和 javaModelGenerator 在一个包下，不支持单独配置-->
        <javaExampleGenerator targetPackage="com.hundsun.ppos.product.server" targetProject="E:\新建文件夹\ppos-product\ppos-product-server\src\main\java">
            <property name="enableSubPackages" value="true" />
        </javaExampleGenerator>

        <!--生成controller-->
        <javaControllerGenerator targetPackage="com.hundsun.ppos.product.server.controller" targetProject="E:\新建文件夹\ppos-product\ppos-product-server\src\main\java">
            <!--<property name="superClass" value="org.mybatis.generator.test3.BaseController"></property>-->
        </javaControllerGenerator>

        <!--生成service,serviceImpl-->
        <javaServiceGenerator targetPackage="com.hundsun.ppos.product.server" targetProject="E:\新建文件夹\ppos-product\ppos-product-server\src\main\java"
                              implementationPackage="com.hundsun.ppos.product.server.service" dtoDirectory="com.hundsun.ppos.product.server.api.bean.">
        </javaServiceGenerator>

        <!--生成Example-->
<!--        <javaExampleGenerator targetPackage="org.mybatis.generator.test1" targetProject="E:\\mybatis\\core\\mybatis-generator-core\\src\\main\\java">
            <property name="enableSubPackages" value="true" />
        </javaExampleGenerator>-->
<!--        <javaControllerGenerator targetPackage="org.mybatis.generator.test3" targetProject="E:\\mybatis\\core\\mybatis-generator-core\\src\\main\\java">
            <property name="superClass" value="org.mybatis.generator.test2.BaseController"></property>
        </javaControllerGenerator>-->

        <!--teste-->

        <sqlMapGenerator targetPackage="mapper.oracle" targetProject="E:\新建文件夹\ppos-product\ppos-product-server\src/main/resources">
            <property name="enableSubPackages" value="false"/>
        </sqlMapGenerator>

        <javaClientGenerator type="XMLMAPPER" targetPackage="com.hundsun.ppos.product.server.datasource.dao"
                             targetProject="E:\新建文件夹\ppos-product\ppos-product-server\src\main\java">
            <property name="enableSubPackages" value="false"/>
            <property name="addMapperAnnotation" value="true"/>

        </javaClientGenerator>


        <!--自动化事件信息表-->
<!--        <table schema="amos_data" tableName="PPOS_WBINS_instructionInfo" domainObjectName="WbinsInstructionInfo">
            <property name="ignoreQualifiersAtRuntime" value="true"/>
        </table>-->
        <table schema="ppos_base" tableName="PPOS_WBINS_INS_SOURCE" domainObjectName="WbinsInsSource" enableCountByExample="true" enableUpdateByExample="true"
               enableDeleteByExample="true" enableSelectByExample="true" selectByExampleQueryId="false" enableInsertBatch="true"
               enableListParam="true">
            <property name="ignoreQualifiersAtRuntime" value="true"/>
            <property name="enableInsertBatchIgnore" value="createDt"></property>
        </table>
    </context>
</generatorConfiguration>
